epoch,train_acc,valid_acc,train_time,batch_time,valid_time,total_time,train_corr,valid_corr
1,2.4083489430024083,5.515088449531738,36.86044931411743,12.74436330795288,4.520022392272949,54.12483501434326,270,265
