epoch,train_acc,valid_acc,train_time,batch_time,valid_time,total_time,train_corr,valid_corr
1,3.0416555169030417,7.679500520291363,40.04311180114746,12.665146827697754,5.251663684844971,57.959922313690186,341,369
