epoch,train_acc,valid_acc,train_time,batch_time,valid_time,total_time,train_corr,valid_corr
1,2.542146106502542,7.887617065556712,40.98473119735718,12.497002124786377,5.210276126861572,58.69200944900513,285,379
