epoch,train_acc,valid_acc,train_time,batch_time,valid_time,total_time,train_corr,valid_corr
1,2.800820622602801,6.035379812695109,40.929754972457886,12.517184972763062,5.210603475570679,58.657543420791626,314,290
