epoch,train_acc,valid_acc,train_time,batch_time,valid_time,total_time,train_corr,valid_corr
1,2.533226295602533,5.82726326742976,36.78761148452759,12.910672187805176,4.556656837463379,54.25494050979614,284,280
