epoch,train_acc,valid_acc,train_time,batch_time,valid_time,total_time,train_corr,valid_corr
1,2.907858353402908,7.637877211238293,40.03379702568054,12.685878276824951,5.249048709869385,57.96872401237488,326,367
