epoch,train_acc,valid_acc,train_time,batch_time,valid_time,total_time,train_corr,valid_corr
1,2.4975470520024974,6.493236212278876,36.78206753730774,12.898362159729004,4.561251640319824,54.24168133735657,280,312
