epoch,train_acc,valid_acc,train_time,batch_time,valid_time,total_time,train_corr,valid_corr
1,2.8097404335028098,6.888657648283038,20.553351879119873,19.344866037368774,2.452880859375,42.35109877586365,315,331
