epoch,train_acc,valid_acc,train_time,batch_time,valid_time,total_time,train_corr,valid_corr
1,2.301311212202301,6.701352757544225,36.856292724609375,12.772267580032349,4.517567873001099,54.14612817764282,258,322
