epoch,train_acc,valid_acc,train_time,batch_time,valid_time,total_time,train_corr,valid_corr
1,2.9613772188029612,7.117585848074922,41.15095806121826,12.90670108795166,5.354053735733032,62.25444507598877,332,342
